province,country,Confirmed,Deaths,Recovered,Active,Incidence_Rate,Case-Fatality_Ratio,Combined_Key
Abruzzo,Italy,4137,474,2984,679.0,315.4210951676604,11.457577955039884,"Abruzzo, Italy"
Acre,Brazil,27061,648,24298,2115.0,3068.366716367985,2.3945900003695355,"Acre, Brazil"
Adygea Republic,Russia,3775,31,3253,491.0,832.6422219085263,0.8211920529801324,"Adygea Republic, Russia"
Aguascalientes,Mexico,6581,555,5783,243.0,458.7229504368706,8.433368788937852,"Aguascalientes, Mexico"
Aichi,Japan,5077,79,4554,444.0,67.22509708710224,1.5560370297419737,"Aichi, Japan"
Akita,Japan,52,0,51,1.0,5.3802936398721135,0.0,"Akita, Japan"
Alabama,US,144164,2437,0,141727.0,3239.9325535488906,2.0594842684712624,"Alabama, US"
Alagoas,Brazil,83950,2014,80658,1278.0,2515.463583907865,2.3990470518165576,"Alagoas, Brazil"
Alaska,US,6729,45,0,6684.0,681.8067525668181,0.7242884194065496,"Alaska, US"
Alberta,Canada,16381,255,14702,1424.0,371.18645066354026,1.5566815212746474,"Alberta, Canada"
Altai Krai,Russia,12914,164,11648,1102.0,549.5132080610022,1.2699396004336378,"Altai Krai, Russia"
Altai Republic,Russia,2798,12,2235,551.0,1283.1154299445573,0.4288777698355968,"Altai Republic, Russia"
Amapa,Brazil,46738,691,35026,11021.0,5526.343482738601,1.4784543626171425,"Amapa, Brazil"
Amazonas,Brazil,131573,3956,109874,17743.0,3174.566791415426,3.0066959026548,"Amazonas, Brazil"
Amazonas,Colombia,2732,115,2597,20.0,3567.091880034992,4.209370424597363,"Amazonas, Colombia"
Amazonas,Peru,12987,204,0,12783.0,3042.8772258669164,1.5708015708015708,"Amazonas, Peru"
Amur Oblast,Russia,3959,50,3514,395.0,495.8518281013597,1.262945188178833,"Amur Oblast, Russia"
Ancash,Peru,21235,1248,0,19987.0,1798.6616974419787,5.8770897103838005,"Ancash, Peru"
Andalusia,Spain,47612,1662,10671,35279.0,564.9663211866524,3.490716626060657,"Andalusia, Spain"
Andaman and Nicobar Islands,India,3631,52,3414,165.0,870.6682396723544,1.4321123657394657,"Andaman and Nicobar Islands, India"
Andhra Pradesh,India,609558,5244,519891,84423.0,1130.8341944263138,0.8602954927997007,"Andhra Pradesh, India"
Anguilla,United Kingdom,3,0,3,0.0,19.99733368884149,0.0,"Anguilla, United Kingdom"
Anhui,China,991,6,985,0.0,1.5670461733080334,0.6054490413723511,"Anhui, China"
Antioquia,Colombia,102501,2187,85968,14346.0,1599.8028437817914,2.133637720607604,"Antioquia, Colombia"
Antofagasta,Chile,19391,489,18423,479.0,3191.755523147676,2.521788458563251,"Antofagasta, Chile"
Aomori,Japan,35,1,32,2.0,2.808152628711676,2.8571428571428568,"Aomori, Japan"
Apurimac,Peru,4200,79,0,4121.0,975.156721615974,1.880952380952381,"Apurimac, Peru"
Aragon,Spain,32266,1302,3772,27192.0,2443.3092581626643,4.035207338994606,"Aragon, Spain"
Arauca,Colombia,1449,34,1122,293.0,552.6863838519456,2.3464458247066937,"Arauca, Colombia"
Araucania,Chile,6358,103,5770,485.0,664.2123473711482,1.620006291286568,"Araucania, Chile"
Arequipa,Peru,39046,1297,0,37749.0,2607.586483237612,3.321723095835681,"Arequipa, Peru"
Arica y Parinacota,Chile,7561,138,7030,393.0,3344.568890776226,1.825155402724508,"Arica y Parinacota, Chile"
Arizona,US,212942,5451,0,207491.0,2927.250678937342,6.041792466461883,"Arizona, US"
Arkansas,US,75160,1181,0,73979.0,2564.9724143124126,1.821153101596221,"Arkansas, US"
Arkhangelsk Oblast,Russia,12290,257,9799,2234.0,1064.0434690760744,2.09113100081367,"Arkhangelsk Oblast, Russia"
Aruba,Netherlands,3460,23,2128,1309.0,3240.732068261432,0.6647398843930635,"Aruba, Netherlands"
Arunachal Pradesh,India,7005,13,5106,1886.0,446.0482228751103,0.185581727337616,"Arunachal Pradesh, India"
Assam,India,152858,540,123687,28631.0,429.2915229485945,0.3532690470894556,"Assam, India"
Astrakhan Oblast,Russia,6550,94,6144,312.0,643.725786573944,1.4351145038167938,"Astrakhan Oblast, Russia"
Asturias,Spain,4340,341,1063,2936.0,424.57237051276405,7.857142857142858,"Asturias, Spain"
Atacama,Chile,6552,56,6083,413.0,2267.5674179079683,0.8547008547008547,"Atacama, Chile"
Atlantico,Colombia,66512,3016,61671,1825.0,2623.212544029482,4.5345200866009145,"Atlantico, Colombia"
Australian Capital Territory,Australia,113,3,110,0.0,26.395701938799345,2.6548672566371683,"Australian Capital Territory, Australia"
Ayacucho,Peru,10410,286,0,10124.0,1557.9167913798265,2.7473583093179634,"Ayacucho, Peru"
Aysen,Chile,223,1,155,67.0,216.1732488028073,0.4484304932735426,"Aysen, Chile"
Azad Jammu and Kashmir,Pakistan,2517,67,2257,193.0,62.21933936261885,2.6618990862137464,"Azad Jammu and Kashmir, Pakistan"
Baden-Wurttemberg,Germany,46779,1871,41228,3680.0,422.5923532636833,3.9996579661814073,"Baden-Wurttemberg, Germany"
Bahia,Brazil,294210,6221,280351,7638.0,1978.1398103309448,2.1144760545188808,"Bahia, Brazil"
Baja California,Mexico,18501,3367,14561,573.0,508.9868462898792,18.19901626939084,"Baja California, Mexico"
Baja California Sur,Mexico,9374,428,8112,834.0,1164.8945953066204,4.565820354171112,"Baja California Sur, Mexico"
Baleares,Spain,12059,270,1533,10256.0,1014.8793994378144,2.238991624512812,"Baleares, Spain"
Balochistan,Pakistan,14269,145,12969,1155.0,115.59080030407291,1.0161889410610414,"Balochistan, Pakistan"
Bashkortostan Republic,Russia,8384,33,8158,193.0,206.3351080023025,0.3936068702290077,"Bashkortostan Republic, Russia"
Basilicata,Italy,631,28,438,165.0,112.10423739804466,4.437400950871632,"Basilicata, Italy"
Bayern,Germany,64465,2648,56398,5419.0,492.9752649765945,4.107655316838596,"Bayern, Germany"
Beijing,China,935,9,926,0.0,4.340761374187558,0.962566844919786,"Beijing, China"
Belgorod Oblast,Russia,8208,57,7521,630.0,529.5907543571228,0.6944444444444444,"Belgorod Oblast, Russia"
Berlin,Germany,13064,227,11667,1170.0,358.42588919196686,1.7375995101041029,"Berlin, Germany"
Bermuda,United Kingdom,180,9,166,5.0,289.0498289788512,5.0,"Bermuda, United Kingdom"
Bihar,India,165218,859,151750,12609.0,132.3862964470027,0.519919137140021,"Bihar, India"
Biobio,Chile,21564,286,19404,1874.0,1385.144574946766,1.3262845483212762,"Biobio, Chile"
Blekinge,Sweden,624,17,0,607.0,390.96274576143753,2.7243589743589745,"Blekinge, Sweden"
Bolivar,Colombia,27972,754,25630,1588.0,1351.2325431981876,2.695552695552696,"Bolivar, Colombia"
"Bonaire, Sint Eustatius and Saba",Netherlands,36,1,17,18.0,137.294534914763,2.7777777777777777,"Bonaire, Sint Eustatius and Saba, Netherlands"
Boyaca,Colombia,5995,117,4266,1612.0,492.4526194043582,1.95162635529608,"Boyaca, Colombia"
Brandenburg,Germany,4117,173,3792,152.0,163.8987275455359,4.202088899684236,"Brandenburg, Germany"
Bremen,Germany,2192,59,2015,118.0,320.94362109911475,2.6916058394160585,"Bremen, Germany"
British Columbia,Canada,7842,223,5797,1822.0,153.43626202499468,2.8436623310380007,"British Columbia, Canada"
British Virgin Islands,United Kingdom,69,1,48,20.0,228.19724178986007,1.4492753623188406,"British Virgin Islands, United Kingdom"
Bryansk Oblast,Russia,8927,37,7288,1602.0,737.1703295342128,0.414472947238714,"Bryansk Oblast, Russia"
Buryatia Republic,Russia,6152,62,5223,867.0,624.878746910903,1.0078023407022108,"Buryatia Republic, Russia"
C. Valenciana,Spain,34370,1541,9970,22859.0,690.8585762041936,4.48356124527204,"C. Valenciana, Spain"
Cajamarca,Peru,18433,441,0,17992.0,1268.005778358671,2.392448326371181,"Cajamarca, Peru"
Calabria,Italy,1810,98,1267,445.0,92.95727919693128,5.414364640883979,"Calabria, Italy"
Caldas,Colombia,4653,106,3183,1364.0,466.1133678268579,2.278100150440576,"Caldas, Colombia"
California,US,783313,15018,0,768295.0,1544.8584199971447,1.4726158068176334,"California, US"
Callao,Peru,30730,1687,0,29043.0,2719.709708823789,5.489749430523918,"Callao, Peru"
Campania,Italy,10089,456,5060,4573.0,173.8975457504466,4.519774011299434,"Campania, Italy"
Campeche,Mexico,5851,800,4981,70.0,584.7392159037872,13.672876431379253,"Campeche, Mexico"
Canarias,Spain,11479,209,1537,9733.0,520.1411390905165,1.820716090251764,"Canarias, Spain"
Cantabria,Spain,6058,231,2287,3540.0,1041.5359302387556,3.8131396500495214,"Cantabria, Spain"
Capital District,Colombia,250490,6408,205741,38341.0,3379.261648395441,2.5581859555271667,"Capital District, Colombia"
Caqueta,Colombia,7759,274,6504,981.0,1932.556060066403,3.5313829101688365,"Caqueta, Colombia"
Casanare,Colombia,1771,41,1203,527.0,421.1612731389,2.3150762281197066,"Casanare, Colombia"
Castilla - La Mancha,Spain,34835,3065,6392,25378.0,1711.897082722936,8.798622075498779,"Castilla - La Mancha, Spain"
Castilla y Leon,Spain,38872,2931,8716,27225.0,1614.46472677826,7.540131714344517,"Castilla y Leon, Spain"
Catalonia,Spain,128901,5797,26203,96901.0,1703.5905038980732,4.497249827386909,"Catalonia, Spain"
Cauca,Colombia,8192,224,6257,1711.0,559.3763827358093,2.734375,"Cauca, Colombia"
Cayman Islands,United Kingdom,208,1,204,3.0,316.4942178940961,0.4807692307692308,"Cayman Islands, United Kingdom"
Ceara,Brazil,233600,8801,206727,18072.0,2558.0158207146287,3.7675513698630136,"Ceara, Brazil"
Cesar,Colombia,17236,494,12740,4002.0,1435.6466157021555,2.866094221397076,"Cesar, Colombia"
Ceuta,Spain,441,9,163,269.0,519.8693842907496,2.0408163265306123,"Ceuta, Spain"
Chandigarh,India,9506,113,6415,2978.0,820.5629306854802,1.1887229118451503,"Chandigarh, India"
Channel Islands,United Kingdom,644,48,575,21.0,377.7148253068933,7.453416149068322,"Channel Islands, United Kingdom"
Chechen Republic,Russia,2374,40,1811,523.0,165.20747316770368,1.6849199663016006,"Chechen Republic, Russia"
Chelyabinsk Oblast,Russia,14928,122,10969,3837.0,427.3646192023214,0.8172561629153269,"Chelyabinsk Oblast, Russia"
Cherkasy Oblast,Ukraine,2983,48,1345,1590.0,247.27463234166507,1.609118337244385,"Cherkasy Oblast, Ukraine"
Chernihiv Oblast,Ukraine,3188,46,738,2404.0,316.9789558983639,1.4429109159347553,"Chernihiv Oblast, Ukraine"
Chernivtsi Oblast,Ukraine,12917,329,7514,5074.0,1428.280777642878,2.5470310443601454,"Chernivtsi Oblast, Ukraine"
Chhattisgarh,India,81617,645,44392,36580.0,277.2671542087029,0.790276535525687,"Chhattisgarh, India"
Chiapas,Mexico,6427,1016,5354,57.0,112.1568653456227,15.808308697681651,"Chiapas, Mexico"
Chiba,Japan,3603,68,3174,361.0,57.56159314130373,1.887316125451013,"Chiba, Japan"
Chihuahua,Mexico,9464,1276,7553,635.0,248.95521147382595,13.482671174978869,"Chihuahua, Mexico"
Choco,Colombia,3930,154,3636,140.0,734.8184269276362,3.918575063613232,"Choco, Colombia"
Chongqing,China,584,6,577,1.0,1.8826563507414569,1.0273972602739727,"Chongqing, China"
Chukotka Autonomous Okrug,Russia,182,2,172,8.0,368.809272918862,1.0989010989010992,"Chukotka Autonomous Okrug, Russia"
Chuvashia Republic,Russia,8301,85,7047,1169.0,674.2657277902912,1.0239730152993616,"Chuvashia Republic, Russia"
Ciudad de Mexico,Mexico,116943,11545,98840,6558.0,1296.680377152,9.872330964657996,"Ciudad de Mexico, Mexico"
Coahuila,Mexico,24766,1723,22020,1023.0,769.4362976586966,6.95711863038036,"Coahuila, Mexico"
Colima,Mexico,4380,518,3567,295.0,557.8530553917517,11.82648401826484,"Colima, Mexico"
Colorado,US,64336,2013,0,62323.0,881.2097084263132,2.0334984705494734,"Colorado, US"
Connecticut,US,55527,4492,0,51035.0,1197.5309106266814,6.5158105510391495,"Connecticut, US"
Coquimbo,Chile,11497,192,10756,549.0,1517.5834822713198,1.6700008697921196,"Coquimbo, Chile"
Cordoba,Colombia,22745,1480,19406,1859.0,1274.384617065492,6.506924598812926,"Cordoba, Colombia"
Crimea Republic*,Ukraine,3573,47,2400,1126.0,186.703355905297,1.315421214665547,"Crimea Republic*, Ukraine"
Cundinamarca,Colombia,30582,898,25087,4597.0,1047.666029475242,2.9363677980511413,"Cundinamarca, Colombia"
Curacao,Netherlands,247,1,88,158.0,150.51797684338817,0.4048582995951417,"Curacao, Netherlands"
Cusco,Peru,19135,387,0,18748.0,1409.9918944808785,2.02247191011236,"Cusco, Peru"
Dadra and Nagar Haveli and Daman and Diu,India,2859,2,2639,218.0,464.3314212211965,0.0699545295557887,"Dadra and Nagar Haveli and Daman and Diu, India"
Dagestan Republic,Russia,12514,543,10744,1227.0,408.4356952039648,4.3391401630174204,"Dagestan Republic, Russia"
Dalarna,Sweden,2365,174,0,2191.0,821.2775119284915,7.357293868921776,"Dalarna, Sweden"
Delaware,US,19449,621,0,18828.0,2033.1107108064327,2.558009398967391,"Delaware, US"
Delhi,India,238828,4907,201671,32250.0,1276.4095751134014,2.0546167116083542,"Delhi, India"
Diamond Princess,Canada,0,1,0,0.0,,,"Diamond Princess, Canada"
Diamond Princess,US,49,0,0,49.0,,0.0,"Diamond Princess, US"
District of Columbia,US,14902,619,0,14283.0,2111.515567149227,4.153804858408267,"District of Columbia, US"
Distrito Federal,Brazil,183096,3048,170627,9421.0,6072.296061245634,1.6647004849914802,"Distrito Federal, Brazil"
Dnipropetrovsk Oblast,Ukraine,3878,89,1830,1959.0,120.94270440736048,2.294997421351212,"Dnipropetrovsk Oblast, Ukraine"
Donetsk Oblast,Ukraine,2371,35,982,1354.0,56.9144586009125,1.4761703922395613,"Donetsk Oblast, Ukraine"
Drenthe,Netherlands,722,41,0,681.0,146.2479895965419,5.678670360110804,"Drenthe, Netherlands"
Durango,Mexico,8098,559,6859,680.0,433.2807560850853,6.90293899728328,"Durango, Mexico"
Ehime,Japan,114,6,108,0.0,8.512449457331346,5.2631578947368425,"Ehime, Japan"
Emilia-Romagna,Italy,34225,4474,25313,4438.0,767.4666782674292,13.072315558802044,"Emilia-Romagna, Italy"
England,United Kingdom,336622,37076,0,299546.0,601.3555519032749,11.014134548544064,"England, United Kingdom"
Espirito Santo,Brazil,123720,3408,113545,6767.0,3078.645813892725,2.754607177497576,"Espirito Santo, Brazil"
Extremadura,Spain,8166,544,2652,4970.0,766.4554205649582,6.6617683076169465,"Extremadura, Spain"
Falkland Islands (Malvinas),United Kingdom,13,0,13,0.0,373.2414585127763,0.0,"Falkland Islands (Malvinas), United Kingdom"
Faroe Islands,Denmark,431,0,412,19.0,882.0218970633377,0.0,"Faroe Islands, Denmark"
Flevoland,Netherlands,1762,97,0,1665.0,416.52778467262857,5.505107832009081,"Flevoland, Netherlands"
Florida,US,681233,13287,0,667946.0,3523.976717295195,1.8421327112143615,"Florida, US"
French Guiana,France,9692,65,9341,286.0,3244.922693700993,0.6706562113082954,"French Guiana, France"
French Polynesia,France,1271,2,1028,241.0,452.4677469882949,0.1573564122738001,"French Polynesia, France"
Friesland,Netherlands,1011,69,0,942.0,155.54875168665004,6.824925816023739,"Friesland, Netherlands"
Friuli Venezia Giulia,Italy,4345,350,3314,681.0,357.54842744523626,8.055235903337168,"Friuli Venezia Giulia, Italy"
Fujian,China,395,1,380,14.0,1.002283684344075,0.2531645569620253,"Fujian, China"
Fukui,Japan,244,9,215,20.0,31.773439748312693,3.6885245901639343,"Fukui, Japan"
Fukuoka,Japan,5000,89,4629,282.0,97.96854386806066,1.78,"Fukuoka, Japan"
Fukushima,Japan,218,2,180,36.0,11.812395320774266,0.9174311926605504,"Fukushima, Japan"
Galicia,Spain,18593,702,9204,8687.0,688.5171718248982,3.7756144785672032,"Galicia, Spain"
Gansu,China,170,2,168,0.0,0.6446719757299962,1.1764705882352942,"Gansu, China"
Gavleborg,Sweden,3285,167,0,3118.0,1143.0778545629162,5.083713850837139,"Gavleborg, Sweden"
Gelderland,Netherlands,9126,692,0,8434.0,437.4980824103335,7.582730659653738,"Gelderland, Netherlands"
Georgia,US,305021,6599,0,298422.0,3019.3721178652295,2.8690190377003164,"Georgia, US"
Gibraltar,United Kingdom,350,0,322,28.0,1038.8531061707874,0.0,"Gibraltar, United Kingdom"
Gifu,Japan,597,10,552,35.0,30.05154065741898,1.6750418760469012,"Gifu, Japan"
Gilgit-Baltistan,Pakistan,3450,81,3036,333.0,340.37632796097813,2.347826086956522,"Gilgit-Baltistan, Pakistan"
Goa,India,27379,335,21314,5730.0,1726.02048857368,1.2235655064100224,"Goa, India"
Goias,Brazil,182856,4135,172741,5980.0,2605.3972199179466,2.2613422583891154,"Goias, Brazil"
Gotland,Sweden,324,6,0,318.0,542.8408672050397,1.851851851851852,"Gotland, Sweden"
Grand Princess,Canada,13,0,13,0.0,,0.0,"Grand Princess, Canada"
Grand Princess,US,103,3,0,100.0,,2.912621359223301,"Grand Princess, US"
Greenland,Denmark,14,0,14,0.0,24.660043683505958,0.0,"Greenland, Denmark"
Groningen,Netherlands,1011,19,0,992.0,172.5650575387546,1.8793273986152323,"Groningen, Netherlands"
Guadeloupe,France,3426,26,837,2563.0,856.2281475631488,0.7589025102159953,"Guadeloupe, France"
Guainia,Colombia,547,10,234,303.0,1136.8832356486678,1.828153564899452,"Guainia, Colombia"
Guam,US,2074,31,0,2043.0,1262.8707475537208,1.4946962391513985,"Guam, US"
Guanajuato,Mexico,38340,2709,33126,2505.0,615.5896390194561,7.065727699530517,"Guanajuato, Mexico"
Guangdong,China,1797,8,1767,22.0,1.5838180856689583,0.4451864218141346,"Guangdong, China"
Guangxi,China,258,2,253,3.0,0.5237515225334958,0.7751937984496124,"Guangxi, China"
Guaviare,Colombia,628,11,417,200.0,758.7565092367731,1.751592356687898,"Guaviare, Colombia"
Guerrero,Mexico,17335,1811,14318,1206.0,474.0162010452145,10.447072396884916,"Guerrero, Mexico"
Guizhou,China,147,2,145,0.0,0.4083333333333333,1.3605442176870748,"Guizhou, China"
Gujarat,India,120336,3286,100974,16076.0,188.4006266932294,2.7306874085892834,"Gujarat, India"
Gunma,Japan,644,19,480,145.0,33.15390412961735,2.950310559006211,"Gunma, Japan"
Hainan,China,171,6,165,0.0,1.8308351177730195,3.5087719298245608,"Hainan, China"
Halland,Sweden,2356,83,0,2273.0,705.710383168388,3.5229202037351444,"Halland, Sweden"
Hamburg,Germany,7149,269,6129,751.0,388.28381162287866,3.7627640229402712,"Hamburg, Germany"
Haryana,India,106261,1092,83878,21291.0,376.749372054834,1.0276583130217107,"Haryana, India"
Hawaii,US,11326,120,0,11206.0,418.44606390036836,1.838465651513308,"Hawaii, US"
Hebei,China,365,6,356,3.0,0.4830598200105876,1.643835616438356,"Hebei, China"
Heilongjiang,China,948,13,935,0.0,2.5125894513649616,1.3713080168776368,"Heilongjiang, China"
Henan,China,1279,22,1254,3.0,1.331598125976054,1.7200938232994527,"Henan, China"
Hessen,Germany,17516,543,15649,1324.0,279.54889783585804,3.100022836263987,"Hessen, Germany"
Hidalgo,Mexico,11930,1853,9478,599.0,386.53272049699103,15.532271584241409,"Hidalgo, Mexico"
Himachal Pradesh,India,11622,111,7081,4430.0,155.95907382693534,0.9550851832731028,"Himachal Pradesh, India"
Hiroshima,Japan,472,3,461,8.0,16.832033070665652,0.6355932203389829,"Hiroshima, Japan"
Hokkaido,Japan,1933,106,1742,85.0,36.81870397781049,5.483704086911536,"Hokkaido, Japan"
Hong Kong,China,5009,103,4708,198.0,66.81349896785214,2.056298662407666,"Hong Kong, China"
Huancavelica,Peru,5997,102,0,5895.0,1641.6643854366275,1.7008504252126062,"Huancavelica, Peru"
Huanuco,Peru,14919,366,0,14553.0,1962.251742733132,2.45324753669817,"Huanuco, Peru"
Hubei,China,68139,4512,63627,0.0,115.1580192665202,6.621758464315589,"Hubei, China"
Huila,Colombia,9380,282,6258,2840.0,852.4281479408135,3.0063965884861408,"Huila, Colombia"
Hunan,China,1019,4,1015,0.0,1.4770256558921582,0.3925417075564279,"Hunan, China"
Hyogo,Japan,2582,56,2349,177.0,47.23582605068613,2.168861347792409,"Hyogo, Japan"
Ibaraki,Japan,623,16,568,39.0,21.780878765810805,2.5682182985553768,"Ibaraki, Japan"
Ica,Peru,25278,1546,0,23732.0,2592.0836751435604,6.1159901890972375,"Ica, Peru"
Idaho,US,37247,441,0,36806.0,1579.9632897139206,1.0032151815843326,"Idaho, US"
Illinois,US,275041,8672,0,266369.0,1441.0035806181918,1.8558327513052506,"Illinois, US"
Indiana,US,110759,3503,0,107256.0,1346.4717832066463,2.908149199974838,"Indiana, US"
Ingushetia Republic,Russia,5136,78,4408,650.0,1052.3662873968071,1.5186915887850467,"Ingushetia Republic, Russia"
Inner Mongolia,China,261,1,259,1.0,1.0299921073401737,0.3831417624521073,"Inner Mongolia, China"
Iowa,US,79804,1265,0,78520.0,2100.4457978298524,1.5817059811675507,"Iowa, US"
Irkutsk Oblast,Russia,18211,274,14815,3122.0,757.4676762908168,1.5045851408489377,"Irkutsk Oblast, Russia"
Ishikawa,Japan,750,44,636,70.0,65.92543042713525,5.866666666666666,"Ishikawa, Japan"
Islamabad,Pakistan,16124,180,15529,415.0,803.5595034715924,1.1163483006698092,"Islamabad, Pakistan"
Isle of Man,United Kingdom,339,24,312,3.0,398.6734405870731,7.079646017699115,"Isle of Man, United Kingdom"
Ivano-Frankivsk Oblast,Ukraine,12212,277,5354,6581.0,889.2759668291037,2.26826072715362,"Ivano-Frankivsk Oblast, Ukraine"
Ivanovo Oblast,Russia,8184,130,6708,1346.0,806.5867307415591,1.5884652981427174,"Ivanovo Oblast, Russia"
Iwate,Japan,23,0,23,0.0,1.874771766915332,0.0,"Iwate, Japan"
Jalisco,Mexico,24400,2974,19623,1803.0,290.1413880387786,12.188524590163937,"Jalisco, Mexico"
Jammu and Kashmir,India,61041,966,39305,20770.0,448.6224048824369,1.5825428810144002,"Jammu and Kashmir, India"
Jamtland Harjedalen,Sweden,1222,64,0,1158.0,934.1793440868436,5.237315875613748,"Jamtland Harjedalen, Sweden"
Jewish Autonomous Okrug,Russia,772,10,642,120.0,476.50203068870593,1.2953367875647668,"Jewish Autonomous Okrug, Russia"
Jharkhand,India,68578,602,54052,13924.0,177.69107218572196,0.8778325410481496,"Jharkhand, India"
Jiangsu,China,665,0,664,1.0,0.8259843497702148,0.0,"Jiangsu, China"
Jiangxi,China,935,1,934,0.0,2.011617900172117,0.106951871657754,"Jiangxi, China"
Jilin,China,157,2,155,0.0,0.5806213017751479,1.2738853503184713,"Jilin, China"
Jonkoping,Sweden,5224,181,0,5043.0,1436.747625818553,3.464777947932619,"Jonkoping, Sweden"
Junin,Peru,17991,723,0,17268.0,1321.4102093279469,4.018676004669001,"Junin, Peru"
Kabardino-Balkarian Republic,Russia,7191,86,6344,761.0,830.5344710496772,1.1959393686552635,"Kabardino-Balkarian Republic, Russia"
Kagawa,Japan,94,2,82,10.0,9.82906831934434,2.127659574468085,"Kagawa, Japan"
Kagoshima,Japan,377,12,354,11.0,23.52907400923563,3.1830238726790454,"Kagoshima, Japan"
Kaliningrad Oblast,Russia,3941,67,3118,756.0,396.2400927408937,1.7000761228114691,"Kaliningrad Oblast, Russia"
Kalmar,Sweden,911,64,0,847.0,371.16107005206845,7.025246981339188,"Kalmar, Sweden"
Kalmykia Republic,Russia,5681,65,3332,2284.0,2062.720350891207,1.1441647597254003,"Kalmykia Republic, Russia"
Kaluga Oblast,Russia,8672,72,7367,1233.0,856.8695803394279,0.8302583025830258,"Kaluga Oblast, Russia"
Kamchatka Krai,Russia,4224,67,3250,907.0,1338.5854219681391,1.5861742424242424,"Kamchatka Krai, Russia"
Kanagawa,Japan,6327,136,5484,707.0,68.78468859572259,2.149517938991623,"Kanagawa, Japan"
Kansas,US,52486,594,0,51892.0,1383.1171072253428,1.210317312108685,"Kansas, US"
Karachay-Cherkess Republic,Russia,6285,28,4703,1554.0,1347.8302827548491,0.4455051710421639,"Karachay-Cherkess Republic, Russia"
Karelia Republic,Russia,3610,16,2635,959.0,579.9345846640235,0.443213296398892,"Karelia Republic, Russia"
Karnataka,India,502982,7808,394026,101148.0,744.4671456667662,1.5523418333061618,"Karnataka, India"
Kemerovo Oblast,Russia,8323,67,6281,1975.0,308.8452645519628,0.8049981977652289,"Kemerovo Oblast, Russia"
Kentucky,US,61106,1108,0,59998.0,1120.724105395922,1.768728543133888,"Kentucky, US"
Kerala,India,126381,501,90085,35795.0,354.0139267719107,0.3964203479953474,"Kerala, India"
Khabarovsk Krai,Russia,11325,101,9144,2080.0,852.5922568813417,0.8918322295805741,"Khabarovsk Krai, Russia"
Khakassia Republic,Russia,3963,47,3366,550.0,737.2844935843412,1.1859702245773405,"Khakassia Republic, Russia"
Khanty-Mansi Autonomous Okrug,Russia,21077,179,20289,609.0,1375.5651029242752,0.8492669734781991,"Khanty-Mansi Autonomous Okrug, Russia"
Kharkiv Oblast,Ukraine,14464,295,4102,10067.0,540.5894308487299,2.039546460176992,"Kharkiv Oblast, Ukraine"
Kherson Oblast,Ukraine,790,20,436,334.0,76.13430476851316,2.5316455696202533,"Kherson Oblast, Ukraine"
Khmelnytskyi Oblast,Ukraine,4481,90,2044,2347.0,354.3118751013082,2.008480249944209,"Khmelnytskyi Oblast, Ukraine"
Khyber Pakhtunkhwa,Pakistan,37317,1258,35500,559.0,122.25713863648944,3.3711177211458585,"Khyber Pakhtunkhwa, Pakistan"
Kiev,Ukraine,19140,312,5828,13000.0,648.6376575843839,1.6300940438871474,"Kiev, Ukraine"
Kiev Oblast,Ukraine,7611,156,4929,2526.0,430.5010351030013,2.0496649586125346,"Kiev Oblast, Ukraine"
Kirov Oblast,Russia,7769,120,5512,2137.0,605.4215975524414,1.5446003346634058,"Kirov Oblast, Russia"
Kirovohrad Oblast,Ukraine,973,52,777,144.0,102.90318111488668,5.344295991778006,"Kirovohrad Oblast, Ukraine"
Kochi,Japan,137,4,129,4.0,19.626691727707588,2.9197080291970803,"Kochi, Japan"
Komi Republic,Russia,7432,97,6376,959.0,883.8433390060092,1.3051668460710442,"Komi Republic, Russia"
Kostroma Oblast,Russia,4277,58,3148,1071.0,664.8282980271216,1.3560907177928454,"Kostroma Oblast, Russia"
Krasnodar Krai,Russia,12937,241,10164,2532.0,230.876857347834,1.8628739274947823,"Krasnodar Krai, Russia"
Krasnoyarsk Krai,Russia,18852,530,14706,3616.0,655.3804853611875,2.8113727986420542,"Krasnoyarsk Krai, Russia"
Kronoberg,Sweden,1548,116,0,1432.0,768.3564220798238,7.493540051679586,"Kronoberg, Sweden"
Kumamoto,Japan,570,8,537,25.0,32.61677520804639,1.4035087719298245,"Kumamoto, Japan"
Kurgan Oblast,Russia,3472,26,2973,473.0,410.6266195329122,0.7488479262672811,"Kurgan Oblast, Russia"
Kursk Oblast,Russia,7682,56,6483,1143.0,688.8221965375969,0.7289768289507941,"Kursk Oblast, Russia"
Kyoto,Japan,1672,25,1554,93.0,64.7320106374206,1.4952153110047848,"Kyoto, Japan"
La Guajira,Colombia,7207,275,5698,1234.0,818.4564368129373,3.815734702372693,"La Guajira, Colombia"
La Libertad,Peru,26715,2158,0,24557.0,1324.623165410551,8.077858880778589,"La Libertad, Peru"
La Rioja,Spain,7333,393,3107,3833.0,2338.545337419596,5.359334515205236,"La Rioja, Spain"
Ladakh,India,3635,48,2600,987.0,1325.2445413414318,1.3204951856946354,"Ladakh, India"
Lakshadweep,India,0,0,0,0.0,0.0,,"Lakshadweep, India"
Lambayeque,Peru,24711,1650,0,23061.0,1885.184620079341,6.677188296709968,"Lambayeque, Peru"
Lazio,Italy,14179,890,7751,5538.0,241.17710894319896,6.276888356019465,"Lazio, Italy"
Leningrad Oblast,Russia,7519,91,5358,2070.0,414.5403943950213,1.2102673227822849,"Leningrad Oblast, Russia"
Liaoning,China,265,2,262,1.0,0.6079376003670567,0.7547169811320755,"Liaoning, China"
Liguria,Italy,12407,1588,9386,1433.0,800.1212402620853,12.79922624324978,"Liguria, Italy"
Lima,Peru,349167,14009,0,335158.0,3285.195465023287,4.012120274825513,"Lima, Peru"
Limburg,Netherlands,5990,760,0,5230.0,536.1613532390322,12.68781302170284,"Limburg, Netherlands"
Lipetsk Oblast,Russia,5715,37,5113,565.0,496.86967756070464,0.647419072615923,"Lipetsk Oblast, Russia"
Lombardia,Italy,104547,16917,78695,8935.0,1039.175299540563,16.181239059944332,"Lombardia, Italy"
Loreto,Peru,17506,940,0,16566.0,1703.5811599844296,5.369587569976008,"Loreto, Peru"
Los Lagos,Chile,8086,85,7312,689.0,975.7357235600476,1.0511996042542666,"Los Lagos, Chile"
Los Rios,Chile,1500,15,1254,231.0,389.7754114079468,1.0,"Los Rios, Chile"
Louisiana,US,160283,5342,0,154941.0,3733.9031317983195,4.510090882284929,"Louisiana, US"
Luhansk Oblast,Ukraine,735,5,399,331.0,34.156925746561186,0.6802721088435374,"Luhansk Oblast, Ukraine"
Lviv Oblast,Ukraine,18129,515,6040,11574.0,718.8282730397566,2.8407523856804016,"Lviv Oblast, Ukraine"
Macau,China,46,0,46,0.0,7.084094360136879,0.0,"Macau, China"
Madhya Pradesh,India,100458,1901,76952,21605.0,117.68886841587172,1.89233311433634,"Madhya Pradesh, India"
Madre de Dios,Peru,7366,136,0,7230.0,4238.204833141542,1.8463209340211784,"Madre de Dios, Peru"
Madrid,Spain,187045,8999,40736,137310.0,2816.2433757038348,4.811141703868053,"Madrid, Spain"
Magadan Oblast,Russia,2522,23,1971,528.0,1750.2828073925505,0.9119746233148296,"Magadan Oblast, Russia"
Magallanes,Chile,6273,64,4924,1285.0,3766.82099043433,1.0202454965726129,"Magallanes, Chile"
Magdalena,Colombia,14454,789,12119,1546.0,1077.2530717438324,5.4586965545869655,"Magdalena, Colombia"
Maharashtra,India,1167496,31791,834432,301273.0,948.0720829266996,2.7230071880331925,"Maharashtra, India"
Maine,US,5034,139,0,4895.0,225.15414690457158,3.362910612539997,"Maine, US"
Manipur,India,8607,52,6629,1926.0,278.40448707685,0.6041594051353549,"Manipur, India"
Manitoba,Canada,1558,16,1211,331.0,113.10205246105856,1.0269576379974326,"Manitoba, Canada"
Maranhao,Brazil,167333,3643,157810,5880.0,2365.070236365685,2.177095970310698,"Maranhao, Brazil"
Marche,Italy,7703,989,6093,621.0,505.0250086705904,12.839153576528624,"Marche, Italy"
Mari El Republic,Russia,4612,47,4075,490.0,675.9163047954593,1.0190806591500434,"Mari El Republic, Russia"
Martinique,France,1122,18,98,1006.0,298.98871464165325,1.60427807486631,"Martinique, France"
Maryland,US,119744,3876,0,115868.0,1498.3643167182465,3.1866707333614683,"Maryland, US"
Massachusetts,US,127181,9295,0,117886.0,1429.4307498409673,7.750352638518131,"Massachusetts, US"
Mato Grosso,Brazil,112242,3214,92468,16560.0,3221.2109402129336,2.8634557474029334,"Mato Grosso, Brazil"
Mato Grosso do Sul,Brazil,63466,1162,56313,5991.0,2283.782645900339,1.830901585100684,"Mato Grosso do Sul, Brazil"
Maule,Chile,14317,297,12693,1327.0,1370.1134025551462,2.074456939302926,"Maule, Chile"
Mayotte,France,3541,40,2964,537.0,1297.9586749898283,1.1296243998870377,"Mayotte, France"
Mecklenburg-Vorpommern,Germany,1105,20,1014,71.0,68.64739776662991,1.8099547511312213,"Mecklenburg-Vorpommern, Germany"
Meghalaya,India,4445,32,2437,1976.0,132.02800359995368,0.7199100112485939,"Meghalaya, India"
Melilla,Spain,664,4,125,535.0,784.0451534437766,0.6024096385542169,"Melilla, Spain"
Meta,Colombia,14066,366,11374,2326.0,1352.8616303204124,2.602019053035689,"Meta, Colombia"
Metropolitana,Chile,282535,8998,269784,3753.0,3972.200571138712,3.184738174031536,"Metropolitana, Chile"
Mexico,Mexico,76784,8936,64292,3556.0,440.5836884653762,11.637841216920192,"Mexico, Mexico"
Michigan,US,128087,6969,0,121118.0,685.158730176243,2.8542143237500217,"Michigan, US"
Michoacan,Mexico,18684,1480,15891,1313.0,387.2009808096778,7.921216013701563,"Michoacan, Mexico"
Mie,Japan,469,5,388,76.0,26.33526533481725,1.0660980810234542,"Mie, Japan"
Minas Gerais,Brazil,268009,6656,233463,27890.0,1266.0571876778415,2.4834986884768795,"Minas Gerais, Brazil"
Minnesota,US,88721,2015,0,86706.0,1261.0905289692173,1.6492882859752802,"Minnesota, US"
Mississippi,US,93087,2809,0,90278.0,3625.542447800062,3.3172428746402827,"Mississippi, US"
Missouri,US,112864,1825,0,111039.0,1432.3361520297208,1.020562550782283,"Missouri, US"
Miyagi,Japan,365,2,263,100.0,15.82576912153974,0.547945205479452,"Miyagi, Japan"
Miyazaki,Japan,365,1,340,24.0,34.00723562169419,0.273972602739726,"Miyazaki, Japan"
Mizoram,India,1548,0,973,575.0,124.9148674514462,0.0,"Mizoram, India"
Molise,Italy,586,23,459,104.0,191.7432603552813,3.9249146757679183,"Molise, Italy"
Montana,US,10163,156,0,10007.0,874.9081308536682,1.0413011700810804,"Montana, US"
Montserrat,United Kingdom,13,1,12,0.0,260.05201040208044,7.6923076923076925,"Montserrat, United Kingdom"
Moquegua,Peru,11703,253,0,11450.0,6073.170731707317,2.161838844740665,"Moquegua, Peru"
Mordovia Republic,Russia,6057,40,5025,992.0,752.3700214643452,0.6603929337956084,"Mordovia Republic, Russia"
Morelos,Mexico,5699,1054,4449,196.0,278.80813558128,18.49447271451132,"Morelos, Mexico"
Moscow,Russia,275633,5044,236055,34534.0,2203.9236017715,1.8299695609741944,"Moscow, Russia"
Moscow Oblast,Russia,71348,1278,54355,15715.0,950.8775039532158,1.7912204967203005,"Moscow Oblast, Russia"
Murcia,Spain,13371,193,2180,10998.0,898.7922667969832,1.4434223319123476,"Murcia, Spain"
Murmansk Oblast,Russia,14138,194,11694,2250.0,1876.1686242712892,1.37218842834913,"Murmansk Oblast, Russia"
Mykolaiv Oblast,Ukraine,2374,57,815,1502.0,94.13085775257224,2.4010109519797806,"Mykolaiv Oblast, Ukraine"
Nagaland,India,5357,15,4129,1213.0,238.1211675360437,0.2800074668657831,"Nagaland, India"
Nagano,Japan,300,1,296,3.0,14.642789158478909,0.3333333333333333,"Nagano, Japan"
Nagasaki,Japan,236,3,227,6.0,17.79085791135328,1.2711864406779658,"Nagasaki, Japan"
Nara,Japan,552,9,527,16.0,41.49992143583714,1.6304347826086956,"Nara, Japan"
Narino,Colombia,17412,638,14545,2229.0,1067.8330324201272,3.664139673788192,"Narino, Colombia"
Navarra,Spain,14205,553,3905,9747.0,2185.566185498488,3.8929954241464273,"Navarra, Spain"
Nayarit,Mexico,5642,695,4662,285.0,437.84936957296105,12.318326834455869,"Nayarit, Mexico"
Nebraska,US,40797,442,0,40355.0,1279.1596280773126,1.286270096822427,"Nebraska, US"
Nenets Autonomous Okrug,Russia,324,0,114,210.0,736.413846398618,0.0,"Nenets Autonomous Okrug, Russia"
Nevada,US,75419,1528,0,73891.0,830.8086483638789,1.2714436586548763,"Nevada, US"
New Brunswick,Canada,194,2,192,0.0,24.87201808221356,1.0309278350515465,"New Brunswick, Canada"
New Caledonia,France,26,0,26,0.0,9.107117212101258,0.0,"New Caledonia, France"
New Hampshire,US,7920,438,0,7482.0,340.2547539629565,2.5504484813921056,"New Hampshire, US"
New Jersey,US,199309,16064,0,183245.0,1989.3869411669245,7.990893872185072,"New Jersey, US"
New Mexico,US,27512,847,0,26665.0,1051.6240454551735,2.570814584613655,"New Mexico, US"
New South Wales,Australia,4200,53,2994,1153.0,51.736881005173686,1.261904761904762,"New South Wales, Australia"
New York,US,449038,33081,0,415957.0,1019.6703584807323,4.255723579339344,"New York, US"
Newfoundland and Labrador,Canada,272,3,267,2.0,52.17074410441821,1.1029411764705883,"Newfoundland and Labrador, Canada"
Niedersachsen,Germany,18775,669,16482,1624.0,235.2035365592109,3.5632490013315583,"Niedersachsen, Germany"
Niigata,Japan,162,0,144,18.0,7.287101919566588,0.0,"Niigata, Japan"
Ningxia,China,75,0,75,0.0,1.0901162790697674,0.0,"Ningxia, China"
Nizhny Novgorod Oblast,Russia,30599,543,27156,2900.0,945.9457788417784,1.7745677963332136,"Nizhny Novgorod Oblast, Russia"
Noord-Brabant,Netherlands,14278,1552,0,12726.0,557.0913262230512,10.869869729654011,"Noord-Brabant, Netherlands"
Noord-Holland,Netherlands,18087,840,0,17247.0,628.1239939753995,4.644219605241333,"Noord-Holland, Netherlands"
Nordrhein-Westfalen,Germany,64692,1844,58524,4324.0,360.7497854054038,2.8504297285599463,"Nordrhein-Westfalen, Germany"
Norrbotten,Sweden,1685,88,0,1597.0,673.7493652361321,5.222551928783383,"Norrbotten, Sweden"
Norte de Santander,Colombia,14427,831,11890,1706.0,967.1587039925882,5.7600332709503,"Norte de Santander, Colombia"
North Carolina,US,192247,3235,0,189012.0,1780.936121853806,1.9148766428890713,"North Carolina, US"
North Dakota,US,17607,192,0,17415.0,1678.1420613175292,0.7225541380290432,"North Dakota, US"
North Ossetia - Alania Republic,Russia,5440,68,4607,765.0,775.1882752773364,1.25,"North Ossetia - Alania Republic, Russia"
Northern Ireland,United Kingdom,9165,575,0,8590.0,487.0854591836735,6.273867975995636,"Northern Ireland, United Kingdom"
Northern Mariana Islands,US,68,2,0,66.0,123.31350645582476,2.9411764705882355,"Northern Mariana Islands, US"
Northern Territory,Australia,33,0,31,2.0,13.436482084690551,0.0,"Northern Territory, Australia"
Northwest Territories,Canada,5,0,5,0.0,11.134865490824868,0.0,"Northwest Territories, Canada"
Nova Scotia,Canada,1086,65,1021,0.0,111.10463171269942,5.985267034990794,"Nova Scotia, Canada"
Novgorod Oblast,Russia,4832,86,3539,1207.0,796.7339185722107,1.7798013245033113,"Novgorod Oblast, Russia"
Novosibirsk Oblast,Russia,12410,410,11289,711.0,444.9864442284252,3.30378726833199,"Novosibirsk Oblast, Russia"
Nuble,Chile,5881,105,5223,553.0,1223.6558200116935,1.7854106444482232,"Nuble, Chile"
Nuevo Leon,Mexico,35910,2820,30263,2827.0,640.0894948854336,7.85296574770259,"Nuevo Leon, Mexico"
OHiggins,Chile,15386,383,14218,785.0,1682.3482458682092,2.489275965163136,"OHiggins, Chile"
Oaxaca,Mexico,15374,1356,13292,726.0,371.0306490043787,8.820085859242877,"Oaxaca, Mexico"
Odessa Oblast,Ukraine,11205,160,2424,8621.0,470.73740037003614,1.42793395805444,"Odessa Oblast, Ukraine"
Odisha,India,171341,682,137567,33092.0,369.61723504710267,0.3980366637290549,"Odisha, India"
Ohio,US,143547,4612,0,138935.0,979.0851834487986,3.3684885644565266,"Ohio, US"
Oita,Japan,158,2,151,5.0,13.915383897258671,1.2658227848101269,"Oita, Japan"
Okayama,Japan,148,1,146,1.0,7.832403500025933,0.6756756756756757,"Okayama, Japan"
Okinawa,Japan,2343,45,2139,159.0,161.23393853979718,1.9206145966709347,"Okinawa, Japan"
Oklahoma,US,75804,943,0,74861.0,1607.759976377195,1.4069193324587437,"Oklahoma, US"
Omsk Oblast,Russia,10190,261,8917,1012.0,519.8764744926358,2.561334641805692,"Omsk Oblast, Russia"
Ontario,Canada,48317,2876,42573,2868.0,328.4228396649852,5.952356313512842,"Ontario, Canada"
Orebro,Sweden,2860,172,0,2688.0,938.3048178343532,6.013986013986014,"Orebro, Sweden"
Oregon,US,30342,521,0,29821.0,850.0646279969998,1.2359572808024395,"Oregon, US"
Orel Oblast,Russia,7975,122,6365,1488.0,1067.2508554734914,1.5297805642633229,"Orel Oblast, Russia"
Orenburg Oblast,Russia,11729,82,10667,980.0,593.0566510931781,0.6991218347685225,"Orenburg Oblast, Russia"
Osaka,Japan,10001,192,9014,795.0,113.52693719171296,1.91980801919808,"Osaka, Japan"
Ostergotland,Sweden,3954,277,0,3677.0,849.4183610994747,7.005563985837128,"Ostergotland, Sweden"
Overijssel,Netherlands,4041,314,0,3727.0,347.6410135529238,7.7703538728037636,"Overijssel, Netherlands"
P.A. Bolzano,Italy,3281,292,2584,405.0,616.3608970577737,8.899725693386163,"P.A. Bolzano, Italy"
P.A. Trento,Italy,5689,405,4750,534.0,1050.7593024243745,7.119001582000352,"P.A. Trento, Italy"
Pais Vasco,Spain,39430,1749,16160,21521.0,1810.4762429518607,4.435708851128583,"Pais Vasco, Spain"
Para,Brazil,220205,6451,204728,9026.0,2559.670528364679,2.9295429259099475,"Para, Brazil"
Paraiba,Brazil,116588,2695,89305,24588.0,2901.550896723772,2.3115586509760866,"Paraiba, Brazil"
Parana,Brazil,163479,4093,114358,45028.0,1429.7674899424585,2.503685488656035,"Parana, Brazil"
Pasco,Peru,4657,100,0,4557.0,1712.7620448694372,2.147305132059265,"Pasco, Peru"
Pennsylvania,US,154236,7940,0,146296.0,744.38381703144,3.588080527767695,"Pennsylvania, US"
Penza Oblast,Russia,9875,122,8479,1274.0,741.5584366821738,1.2354430379746837,"Penza Oblast, Russia"
Perm Krai,Russia,9012,248,6244,2520.0,343.56007841038274,2.751886373723924,"Perm Krai, Russia"
Pernambuco,Brazil,141042,8004,122512,10526.0,1475.786880729462,5.674905347343343,"Pernambuco, Brazil"
Piaui,Brazil,90061,2025,87492,544.0,2751.443758712732,2.248476032911027,"Piaui, Brazil"
Piemonte,Italy,34241,4154,27783,2304.0,785.9919392269683,12.131655033439444,"Piemonte, Italy"
Piura,Peru,33299,1911,0,31388.0,1625.927734375,5.738911078410762,"Piura, Peru"
Poltava Oblast,Ukraine,1461,33,714,714.0,104.32442969668794,2.2587268993839835,"Poltava Oblast, Ukraine"
Port Quarantine,Japan,887,1,514,372.0,,0.1127395715896279,"Port Quarantine, Japan"
Primorsky Krai,Russia,10985,113,9419,1453.0,574.2178536013679,1.028675466545289,"Primorsky Krai, Russia"
Prince Edward Island,Canada,57,0,56,1.0,36.039909457630976,0.0,"Prince Edward Island, Canada"
Pskov Oblast,Russia,5091,65,3887,1139.0,799.7850901584488,1.2767629149479474,"Pskov Oblast, Russia"
Puducherry,India,21913,462,16715,4736.0,1550.219236499517,2.1083375165426914,"Puducherry, India"
Puebla,Mexico,29938,3916,25066,956.0,453.3003575921753,13.080366089919169,"Puebla, Mexico"
Puerto Rico,US,40993,605,0,40388.0,959.8048681345709,1.360161870503597,"Puerto Rico, US"
Puglia,Italy,6944,578,4278,2088.0,172.34819199449598,8.323732718894009,"Puglia, Italy"
Punjab,India,92833,2708,68463,21662.0,307.99194184020746,2.9170661295013627,"Punjab, India"
Punjab,Pakistan,98368,2226,94773,1369.0,89.41534085753682,2.2629310344827585,"Punjab, Pakistan"
Puno,Peru,11588,278,0,11310.0,936.0258481421648,2.399033482913359,"Puno, Peru"
Putumayo,Colombia,3619,160,3065,394.0,1039.3989350397203,4.421110804089527,"Putumayo, Colombia"
Qinghai,China,18,0,18,0.0,0.2985074626865671,0.0,"Qinghai, China"
Quebec,Canada,67080,5797,58490,2793.0,785.6940895143103,8.641920095408468,"Quebec, Canada"
Queensland,Australia,1152,6,1123,23.0,22.51979278662888,0.5208333333333334,"Queensland, Australia"
Queretaro,Mexico,8152,917,6702,533.0,357.60079345966034,11.248773307163882,"Queretaro, Mexico"
Quindio,Colombia,2531,76,1571,884.0,468.7870436225699,3.0027657052548395,"Quindio, Colombia"
Quintana Roo,Mexico,11290,1573,9361,356.0,655.1539843981665,13.932683790965454,"Quintana Roo, Mexico"
Rajasthan,India,111290,1308,92265,17717.0,137.33963585979478,1.1753077545152304,"Rajasthan, India"
Recovered,US,0,0,2577446,-2577446.0,,,"Recovered, US"
Reunion,France,3194,15,2482,697.0,356.74873898144546,0.469630557294928,"Reunion, France"
Rheinland-Pfalz,Germany,10075,247,9057,771.0,246.6434458696587,2.4516129032258065,"Rheinland-Pfalz, Germany"
Rhode Island,US,23620,1088,0,22532.0,1180.0665381573326,8.07361234787771,"Rhode Island, US"
Rio Grande do Norte,Brazil,66963,2348,39924,24691.0,1909.489790418931,3.506413989815272,"Rio Grande do Norte, Brazil"
Rio Grande do Sul,Brazil,174140,4371,159153,10616.0,1530.5998230326354,2.510049385551855,"Rio Grande do Sul, Brazil"
Rio de Janeiro,Brazil,251261,17634,228258,5369.0,1455.324816305504,7.018200198200277,"Rio de Janeiro, Brazil"
Risaralda,Colombia,9468,195,6938,2335.0,1003.602921769216,2.0595690747782003,"Risaralda, Colombia"
Rivne Oblast,Ukraine,11015,151,8576,2288.0,951.7835031681471,1.3708579210167953,"Rivne Oblast, Ukraine"
Rondonia,Brazil,62697,1297,52932,8468.0,3527.803176300132,2.068679522146195,"Rondonia, Brazil"
Roraima,Brazil,48088,613,15164,32311.0,7938.444369974297,1.2747462984528364,"Roraima, Brazil"
Rostov Oblast,Russia,19885,436,16054,3395.0,471.15806553421294,2.19260749308524,"Rostov Oblast, Russia"
Ryazan Oblast,Russia,7747,47,6565,1135.0,690.7873031385478,0.6066864592745579,"Ryazan Oblast, Russia"
Saarland,Germany,3275,176,3003,96.0,330.63808607493723,5.374045801526719,"Saarland, Germany"
Sachsen,Germany,6658,226,5826,606.0,163.26882931246854,3.3944127365575247,"Sachsen, Germany"
Sachsen-Anhalt,Germany,2423,66,2213,144.0,109.72136750046757,2.723895996698308,"Sachsen-Anhalt, Germany"
Saga,Japan,243,0,243,0.0,29.82652744347382,0.0,"Saga, Japan"
Saint Barthelemy,France,23,0,16,7.0,232.6757713707637,0.0,"Saint Barthelemy, France"
Saint Petersburg,Russia,40517,2762,27717,10038.0,757.0532900717218,6.816891675099341,"Saint Petersburg, Russia"
Saint Pierre and Miquelon,France,11,0,5,6.0,189.8188093183779,0.0,"Saint Pierre and Miquelon, France"
Saitama,Japan,4424,100,4011,313.0,60.192990373883646,2.260397830018084,"Saitama, Japan"
Sakha (Yakutiya) Republic,Russia,8536,93,6632,1811.0,885.174162371802,1.0895032802249298,"Sakha (Yakutiya) Republic, Russia"
Sakhalin Oblast,Russia,5206,0,3679,1527.0,1062.0566688631343,0.0,"Sakhalin Oblast, Russia"
Samara Oblast,Russia,10550,172,8210,2168.0,330.3570925319257,1.6303317535545023,"Samara Oblast, Russia"
San Andres y Providencia,Colombia,841,9,337,495.0,1372.3890339425589,1.070154577883472,"San Andres y Providencia, Colombia"
San Luis Potosi,Mexico,21524,1531,19097,896.0,750.974655128741,7.112990150529642,"San Luis Potosi, Mexico"
San Martin,Peru,16297,686,0,15611.0,1811.5829257447756,4.20936368656808,"San Martin, Peru"
Santa Catarina,Brazil,205250,2635,194520,8095.0,2864.7044406617474,1.2838002436053593,"Santa Catarina, Brazil"
Santander,Colombia,27012,1158,20338,5516.0,1236.3393699392675,4.286983562860952,"Santander, Colombia"
Sao Paulo,Brazil,931673,33927,780448,117298.0,2028.946636068181,3.641513707062456,"Sao Paulo, Brazil"
Saratov Oblast,Russia,14332,93,9477,4762.0,581.9038145313548,0.6488975718671505,"Saratov Oblast, Russia"
Sardegna,Italy,3167,141,1431,1595.0,193.1579278002868,4.452162930217872,"Sardegna, Italy"
Saskatchewan,Canada,1787,24,1642,121.0,151.22716571349258,1.3430330162283155,"Saskatchewan, Canada"
Schleswig-Holstein,Germany,4384,161,3981,242.0,151.34400658401665,3.672445255474453,"Schleswig-Holstein, Germany"
Scotland,United Kingdom,24126,2505,0,21621.0,441.6012300258087,10.38298930614275,"Scotland, United Kingdom"
Sergipe,Brazil,75772,1976,68932,4864.0,3296.303643456987,2.6078234704112337,"Sergipe, Brazil"
Sevastopol*,Ukraine,763,22,517,224.0,172.15276696652387,2.8833551769331587,"Sevastopol*, Ukraine"
Shaanxi,China,399,3,372,24.0,1.0326086956521738,0.7518796992481203,"Shaanxi, China"
Shandong,China,831,7,815,9.0,0.8271125709166915,0.8423586040914561,"Shandong, China"
Shanghai,China,972,7,916,49.0,4.00990099009901,0.7201646090534979,"Shanghai, China"
Shanxi,China,203,0,203,0.0,0.5459924690693921,0.0,"Shanxi, China"
Shiga,Japan,477,7,448,22.0,33.73544760998145,1.4675052410901468,"Shiga, Japan"
Shimane,Japan,137,0,137,0.0,20.315980223802026,0.0,"Shimane, Japan"
Shizuoka,Japan,519,2,494,23.0,14.244435612955357,0.3853564547206166,"Shizuoka, Japan"
Sichuan,China,672,3,652,17.0,0.8056587939096032,0.4464285714285714,"Sichuan, China"
Sicilia,Italy,5846,296,3318,2232.0,116.92254891156628,5.063291139240507,"Sicilia, Italy"
Sikkim,India,2303,24,1857,422.0,333.646745893885,1.0421189752496742,"Sikkim, India"
Sinaloa,Mexico,17772,3031,14186,555.0,562.997636119536,17.054917848300697,"Sinaloa, Mexico"
Sindh,Pakistan,133626,2459,128239,2928.0,279.04994713387407,1.840210737431338,"Sindh, Pakistan"
Sint Maarten,Netherlands,584,20,488,76.0,1361.876778135348,3.424657534246576,"Sint Maarten, Netherlands"
Skane,Sweden,5366,276,0,5090.0,389.4538283833892,5.143496086470369,"Skane, Sweden"
Smolensk Oblast,Russia,6408,137,5627,644.0,674.9895717903235,2.137952559300874,"Smolensk Oblast, Russia"
Sonora,Mexico,23749,2827,20240,682.0,772.3892550439142,11.90365910143585,"Sonora, Mexico"
Sormland,Sweden,2460,254,0,2206.0,826.7795926598102,10.32520325203252,"Sormland, Sweden"
South Australia,Australia,466,4,462,0.0,26.530031312268715,0.8583690987124464,"South Australia, Australia"
South Carolina,US,137240,3188,0,134052.0,2792.0931737803626,2.8250706875044442,"South Carolina, US"
South Dakota,US,18444,200,0,18244.0,1617.141081051999,0.8400691017366768,"South Dakota, US"
St Martin,France,330,6,206,118.0,853.6175276132336,1.818181818181818,"St Martin, France"
Stavropol Krai,Russia,14487,287,10225,3975.0,517.268343263086,1.9810864913370607,"Stavropol Krai, Russia"
Stockholm,Sweden,23739,2400,0,21339.0,998.6618041202636,10.109945659042085,"Stockholm, Sweden"
Sucre,Colombia,13512,559,11964,989.0,1493.264726262429,4.137063351095323,"Sucre, Colombia"
Sumy Oblast,Ukraine,2916,50,1302,1564.0,269.64596483505915,1.7146776406035664,"Sumy Oblast, Ukraine"
Sverdlovsk Oblast,Russia,27679,567,21087,6025.0,639.9390001424193,2.048484410563965,"Sverdlovsk Oblast, Russia"
Tabasco,Mexico,30753,2745,27115,893.0,1195.5508852628031,8.925958443078724,"Tabasco, Mexico"
Tacna,Peru,11012,194,0,10818.0,2968.194070080863,1.761714493280058,"Tacna, Peru"
Tamaulipas,Mexico,27645,2059,24678,908.0,757.2723622021792,7.448001446916259,"Tamaulipas, Mexico"
Tambov Oblast,Russia,7288,46,6392,850.0,705.1411056241002,0.6311745334796927,"Tambov Oblast, Russia"
Tamil Nadu,India,530908,8685,475717,46506.0,682.0392581739452,1.6358766490616077,"Tamil Nadu, India"
Tarapaca,Chile,11401,218,10898,285.0,3449.016511474537,1.912112972546268,"Tarapaca, Chile"
Tasmania,Australia,230,13,217,0.0,42.95051353874883,5.652173913043479,"Tasmania, Australia"
Tatarstan Republic,Russia,6974,45,5898,1031.0,179.08298418913463,0.6452537998279323,"Tatarstan Republic, Russia"
Telangana,India,169169,1025,137508,30636.0,429.7694580752169,0.6059029727668781,"Telangana, India"
Tennessee,US,181439,2216,0,179223.0,2709.5738382875134,1.2692344445502182,"Tennessee, US"
Ternopil Oblast,Ukraine,11016,133,4862,6021.0,1053.2767174787905,1.2073347857661585,"Ternopil Oblast, Ukraine"
Texas,US,707940,15051,0,692889.0,1996.52064410729,2.963556874087948,"Texas, US"
Thuringen,Germany,3919,189,3532,198.0,182.86210219093903,4.82265884154121,"Thuringen, Germany"
Tianjin,China,237,3,226,8.0,1.5192307692307692,1.2658227848101269,"Tianjin, China"
Tibet,China,1,0,1,0.0,0.0290697674418604,0.0,"Tibet, China"
Tlaxcala,Mexico,7165,1002,5994,169.0,519.1987600098839,13.984647592463364,"Tlaxcala, Mexico"
Tocantins,Brazil,63167,866,45266,17035.0,4016.04459629746,1.3709690186331471,"Tocantins, Brazil"
Tochigi,Japan,385,1,313,71.0,19.90703157720567,0.2597402597402597,"Tochigi, Japan"
Tokushima,Japan,147,9,107,31.0,20.192945656250128,6.122448979591836,"Tokushima, Japan"
Tokyo,Japan,24056,390,21208,2458.0,172.8078612347702,1.6212171599600929,"Tokyo, Japan"
Tolima,Colombia,10862,277,8129,2456.0,816.5769173807892,2.5501749217455347,"Tolima, Colombia"
Tomsk Oblast,Russia,6713,78,5462,1173.0,622.5655673850947,1.1619246238641443,"Tomsk Oblast, Russia"
Toscana,Italy,13665,1152,9686,2827.0,366.38915112741415,8.430296377607025,"Toscana, Italy"
Tottori,Japan,36,0,23,13.0,6.479971488125452,0.0,"Tottori, Japan"
Toyama,Japan,410,25,374,11.0,39.29077280158543,6.097560975609755,"Toyama, Japan"
Tripura,India,21484,235,14142,7107.0,515.2292895044695,1.093837274250605,"Tripura, India"
Tula Oblast,Russia,9808,356,8801,651.0,657.4365471175147,3.629690048939641,"Tula Oblast, Russia"
Tumbes,Peru,6735,293,0,6442.0,2677.9324055666,4.350408314773572,"Tumbes, Peru"
Turks and Caicos Islands,United Kingdom,668,5,572,91.0,1725.2957280851283,0.7485029940119761,"Turks and Caicos Islands, United Kingdom"
Tver Oblast,Russia,5862,227,4416,1219.0,456.58721695993296,3.872398498805868,"Tver Oblast, Russia"
Tyumen Oblast,Russia,8754,36,7402,1316.0,237.081572960676,0.4112405757368061,"Tyumen Oblast, Russia"
Tyva Republic,Russia,7321,71,6609,641.0,2275.5671045188087,0.9698128670946592,"Tyva Republic, Russia"
Ucayali,Peru,15295,309,0,14986.0,2596.3333899168224,2.0202680614579926,"Ucayali, Peru"
Udmurt Republic,Russia,4245,62,3261,922.0,280.5602480826731,1.4605418138987043,"Udmurt Republic, Russia"
Ulyanovsk Oblast,Russia,14154,140,12136,1878.0,1135.3919163689277,0.9891196834817012,"Ulyanovsk Oblast, Russia"
Umbria,Italy,2192,83,1638,471.0,248.5218505354217,3.7864963503649633,"Umbria, Italy"
Unknown,Chile,54,1,54,0.0,,1.851851851851852,"Unknown, Chile"
Unknown,Germany,2344,0,0,2344.0,,0.0,"Unknown, Germany"
Unknown,India,0,0,0,0.0,,,"Unknown, India"
Unknown,Japan,8,0,8,0.0,,0.0,"Unknown, Japan"
Unknown,Netherlands,792,18,0,774.0,,2.272727272727273,"Unknown, Netherlands"
Unknown,Peru,0,0,594513,-594513.0,,,"Unknown, Peru"
Unknown,Spain,0,0,0,0.0,,,"Unknown, Spain"
Unknown,United Kingdom,0,0,0,0.0,,,"Unknown, United Kingdom"
Uppsala,Sweden,3919,243,0,3676.0,1021.3362591311736,6.20056136769584,"Uppsala, Sweden"
Utah,US,62852,440,0,62412.0,1710.0988273242033,0.8431449372770398,"Utah, US"
Utrecht,Netherlands,7260,437,0,6823.0,535.8590056051147,6.019283746556474,"Utrecht, Netherlands"
Uttar Pradesh,India,342788,4869,270094,67825.0,144.09957679776872,1.4204114496423446,"Uttar Pradesh, India"
Uttarakhand,India,38007,464,26250,11293.0,337.81423603426515,1.2208277422580052,"Uttarakhand, India"
Valle d'Aosta,Italy,1276,146,1082,48.0,1015.3900020689764,11.442006269592474,"Valle d'Aosta, Italy"
Valle del Cauca,Colombia,56837,2092,47119,7626.0,1269.8491427172185,3.680700951844748,"Valle del Cauca, Colombia"
Valparaiso,Chile,26095,823,24120,1152.0,1437.026888014882,3.1538608928913585,"Valparaiso, Chile"
Varmland,Sweden,1241,73,0,1168.0,439.42580750246094,5.882352941176472,"Varmland, Sweden"
Vasterbotten,Sweden,905,31,0,874.0,333.0438366649984,3.425414364640884,"Vasterbotten, Sweden"
Vasternorrland,Sweden,1881,136,0,1745.0,766.6692480446063,7.230196703880915,"Vasternorrland, Sweden"
Vastmanland,Sweden,2854,183,0,2671.0,1034.639018289257,6.412053258584442,"Vastmanland, Sweden"
Vastra Gotaland,Sweden,19514,860,0,18654.0,1130.6689163389594,4.407092343958183,"Vastra Gotaland, Sweden"
Vaupes,Colombia,679,5,457,217.0,1664.3380640733387,0.7363770250368189,"Vaupes, Colombia"
Veneto,Italy,25609,2158,20406,3045.0,522.0090120904537,8.426724979499395,"Veneto, Italy"
Veracruz,Mexico,31680,4046,26543,1091.0,370.9661818891218,12.771464646464649,"Veracruz, Mexico"
Vermont,US,1710,58,0,1652.0,203.13344587557617,1.5923367108605009,"Vermont, US"
Vichada,Colombia,397,4,221,172.0,368.24725437815374,1.0075566750629723,"Vichada, Colombia"
Victoria,Australia,20042,761,18379,902.0,302.2971688864085,3.797026244885741,"Victoria, Australia"
Vinnytsia Oblast,Ukraine,5200,98,3461,1641.0,333.24916655665174,1.8846153846153848,"Vinnytsia Oblast, Ukraine"
Virgin Islands,US,1257,19,0,1238.0,1171.831301040385,1.511535401750199,"Virgin Islands, US"
Virginia,US,139546,2988,0,136558.0,1552.5389847999609,2.500897000111522,"Virginia, US"
Vladimir Oblast,Russia,6906,201,5774,931.0,501.03857039316216,2.9105125977410946,"Vladimir Oblast, Russia"
Volgograd Oblast,Russia,13965,130,12334,1501.0,553.8862068254329,0.9308986752595776,"Volgograd Oblast, Russia"
Vologda Oblast,Russia,4124,45,3523,556.0,350.47493432844186,1.0911736178467508,"Vologda Oblast, Russia"
Volyn Oblast,Ukraine,6783,143,4774,1866.0,655.1534293413695,2.108211705734925,"Volyn Oblast, Ukraine"
Voronezh Oblast,Russia,16256,153,15125,978.0,696.5559558619368,0.9411909448818898,"Voronezh Oblast, Russia"
Wakayama,Japan,236,5,227,4.0,25.515361653222453,2.1186440677966103,"Wakayama, Japan"
Wales,United Kingdom,20445,1603,0,18842.0,651.4050850697762,7.840547811200782,"Wales, United Kingdom"
Washington,US,82199,2037,0,80162.0,1135.25615389778,1.7117586347804399,"Washington, US"
West Bengal,India,218772,4242,190021,24509.0,219.63008816556012,1.9390049914979977,"West Bengal, India"
West Virginia,US,13889,311,0,13578.0,599.2404678796695,2.1671369102822378,"West Virginia, US"
Western Australia,Australia,662,9,650,3.0,25.165361514483383,1.3595166163141994,"Western Australia, Australia"
Wisconsin,US,97279,1238,0,96041.0,1172.4140453754853,1.0048877934930296,"Wisconsin, US"
Wyoming,US,4781,49,0,4731.0,801.660984838427,1.2499979839011501,"Wyoming, US"
Xinjiang,China,902,3,899,0.0,3.626859670285485,0.3325942350332594,"Xinjiang, China"
Yamagata,Japan,78,1,76,1.0,7.237864050642778,1.2820512820512822,"Yamagata, Japan"
Yamaguchi,Japan,195,1,171,23.0,14.355800037693175,0.5128205128205128,"Yamaguchi, Japan"
Yamalo-Nenets Autonomous Okrug,Russia,14398,98,13259,1041.0,2673.48996466418,0.6806500902903181,"Yamalo-Nenets Autonomous Okrug, Russia"
Yamanashi,Japan,181,6,168,7.0,22.3193366841111,3.314917127071824,"Yamanashi, Japan"
Yaroslavl Oblast,Russia,8041,45,7659,337.0,635.3086552409608,0.5596318865812709,"Yaroslavl Oblast, Russia"
Yucatan,Mexico,17222,1506,14630,1086.0,762.3396594570047,8.74462896295436,"Yucatan, Mexico"
Yukon,Canada,15,0,15,0.0,36.51589658698087,0.0,"Yukon, Canada"
Yunnan,China,206,2,196,8.0,0.4265010351966873,0.9708737864077672,"Yunnan, China"
Zabaykalsky Krai,Russia,5481,65,4602,814.0,510.9031828681048,1.1859149790184274,"Zabaykalsky Krai, Russia"
Zacatecas,Mexico,6748,630,5518,600.0,404.9384731155178,9.33609958506224,"Zacatecas, Mexico"
Zakarpattia Oblast,Ukraine,9110,290,4054,4766.0,724.8556256275847,3.18331503841932,"Zakarpattia Oblast, Ukraine"
Zaporizhia Oblast,Ukraine,2829,42,1075,1712.0,165.84243737381553,1.4846235418875928,"Zaporizhia Oblast, Ukraine"
Zeeland,Netherlands,1210,72,0,1138.0,315.5248664886515,5.950413223140496,"Zeeland, Netherlands"
Zhejiang,China,1282,1,1272,9.0,2.2346173958514903,0.078003120124805,"Zhejiang, China"
Zhytomyr Oblast,Ukraine,4931,90,2379,2462.0,404.1163979796639,1.825187588724397,"Zhytomyr Oblast, Ukraine"
Zuid-Holland,Netherlands,26644,1364,0,25280.0,718.4196278152752,5.119351448731422,"Zuid-Holland, Netherlands"
